{
  "solution": "\\prev_out prev_r x__ -> (let S = {} in let S = let S = S{r = prev_out} in S{r = python([*r[1:], x])} in S[r], (S[r]))",
  "qe_time": 0.0004138946533203125,
  "syn_time": 0.001554250717163086,
  "parse_time": 0.0022430419921875,
  "test_time": 0.45581698417663574,
  "total_time": 0.46004295349121094,
  "num_exprs_to_synthesize": 1,
  "exprs_sizes": [
    16
  ],
  "offline_ast_size": 17,
  "online_ast_size": 13
}