{
  "solution": null,
  "qe_time": 1.9073486328125e-06,
  "syn_time": 1200.9267511367798,
  "parse_time": 0.0029747486114501953,
  "test_time": 0.5839207172393799,
  "total_time": 1201.5136559009552,
  "num_exprs_to_synthesize": 3,
  "exprs_sizes": [
    4,
    8
  ],
  "offline_ast_size": 24,
  "online_ast_size": 22
}