{
  "solution": "\\prev_out prev_s x__ -> (let S = {} in let S = S{s = 0.0} in let S = S{s = (x__ + prev_s)} in S[s], ((x__ + prev_s)))",
  "qe_time": 9.5367431640625e-07,
  "syn_time": 0.0023450851440429688,
  "parse_time": 0.0007522106170654297,
  "test_time": 0.06827712059020996,
  "total_time": 0.0713801383972168,
  "num_exprs_to_synthesize": 1,
  "exprs_sizes": [
    3
  ],
  "offline_ast_size": 9,
  "online_ast_size": 10
}