{
  "solution": null,
  "qe_time": 1.0344789028167725,
  "syn_time": 39.06118893623352,
  "parse_time": 0.0016350746154785156,
  "test_time": 0.4970979690551758,
  "total_time": 40.59440898895264,
  "num_exprs_to_synthesize": 4,
  "exprs_sizes": [
    2,
    3,
    30
  ],
  "offline_ast_size": 24,
  "online_ast_size": 39
}