{
  "solution": null,
  "qe_time": 0.0002560615539550781,
  "syn_time": 0.0012989044189453125,
  "parse_time": 0.0013229846954345703,
  "test_time": 0.4344367980957031,
  "total_time": 0.4373188018798828,
  "num_exprs_to_synthesize": 2,
  "exprs_sizes": [
    1
  ],
  "offline_ast_size": 32,
  "online_ast_size": 3
}