{
  "solution": null,
  "qe_time": 0.0002319812774658203,
  "syn_time": 0.0014758110046386719,
  "parse_time": 0.0015020370483398438,
  "test_time": 0.4425201416015625,
  "total_time": 0.44573497772216797,
  "num_exprs_to_synthesize": 2,
  "exprs_sizes": [
    1
  ],
  "offline_ast_size": 36,
  "online_ast_size": 3
}