{
  "solution": "\\prev_out prev_mn x__ -> (x__ if (prev_out - x__ > 0.0) and (limit_l - x__ <= 0.0) else prev_mn, (x__ if (prev_out - x__ > 0.0) and (limit_l - x__ <= 0.0) else prev_mn))",
  "qe_time": 13.196500778198242,
  "syn_time": 0.1984388828277588,
  "parse_time": 0.0008730888366699219,
  "test_time": 0.2500460147857666,
  "total_time": 13.645864009857178,
  "num_exprs_to_synthesize": 2,
  "exprs_sizes": [
    12,
    12
  ],
  "offline_ast_size": 14,
  "online_ast_size": 26
}